X,Y,CLASE
0.31669983918685746,0.8653163230869257,C1
0.22157322397670592,0.8049022718970309,C1
0.18153630129016868,0.7350238682303633,C1
0.10776982502039492,0.6703255025057957,C1
0.08586714140777701,0.6052458954344767,C1
0.12508613133961277,0.5444625556179357,C1
0.22768716882275403,0.5098091348366525,C1
0.2859429669030757,0.566602302595242,C1
0.41625079687265365,0.5464030002336988,C1
0.4519157187797714,0.5730062616694287,C1
0.4943229531335142,0.6464912163069829,C1
0.5609439787152604,0.6608959768514443,C1
0.5856699768224682,0.6698190458922905,C1
0.5911351178563125,0.7557506528077303,C1
0.4071647803079606,0.7830087991987575,C1
0.3352404676270801,0.8036714223988424,C1
0.28330555851997286,0.8427349705297075,C1
0.17156584640949918,0.7980452799801205,C1
0.10121777234218993,0.7862814608122802,C1
0.08017457436474568,0.7202353736395515,C1
0.07768639053366659,0.7183677111108476,C1
0.1311455732845651,0.6104643431902158,C1
0.20542874393773847,0.5898312400740181,C1
0.2178015202569315,0.5818208443633981,C1
0.3817705440588308,0.5655364280596141,C1
0.3851108366697598,0.5624434775446524,C1
0.49209170237434713,0.5956902260458123,C1
0.5492775998615762,0.6434308163438949,C1
0.5390258805486157,0.699618198442099,C1
0.5842556921055977,0.7625344900872014,C1
0.45059595807125324,0.8220921856162217,C1
0.344811245038922,0.8049476334383563,C1
0.24347151755596563,0.8106703843630918,C1
0.15743973206759962,0.7251010923401638,C1
0.152397489282701,0.7351007035985264,C1
0.10633883322328458,0.7189783357693168,C1
0.06708513516866793,0.6321771412501982,C1
0.2502447820654904,0.596902900545176,C1
0.27145631600644277,0.6594287873712278,C1
0.35549281953133616,0.5852947812762344,C1
0.4190435075031335,0.6209040628440495,C1
0.41170456900868657,0.6031420547536595,C1
0.4017469148728552,0.7110021771194607,C1
0.42600939758200174,0.6818107876332165,C1
0.37318516059547946,0.7949139773358593,C1
0.2895809049067916,0.7226653027823015,C1
0.24496224686048462,0.7002977093479393,C1
0.24399545458693583,0.6983398334585476,C1
0.18816834650503833,0.6912060571531857,C1
0.1759947133105065,0.5939125606503071,C1
0.31022005059400104,0.589584940345499,C1
0.3222146253315379,0.609731428407754,C1
0.4087044962336649,0.7127280493969588,C1
0.3651674512849937,0.7094663108914898,C1
0.29902997843486023,0.7536333920271975,C1
0.32155764887413135,0.7023572623123913,C1
0.26179413409924673,0.6988857052172944,C1
0.23959415718819754,0.7117527848350791,C1
0.19085518783802352,0.5772285641545827,C1
0.16344126683385815,0.6055893792545396,C1
0.24273248949546933,0.593845604498956,C1
0.2465548410852364,0.7142688306109598,C1
0.17963078832636792,0.7390757943597319,C1
0.23233495921760283,0.7082208207939227,C1
0.2434148353140349,0.7480449115275674,C1
0.28685213000146037,0.7085252026430259,C1
0.2935039027371658,0.7118124735065907,C1
0.36335454583644605,0.7562428040377422,C1
0.368224126602826,0.7031298563470169,C1
0.36013062439144633,0.6717469515490762,C1
0.28453985458617614,0.5880309280758023,C1
0.40167955340032535,0.5874845851633028,C1
0.42908617433600876,0.6118479446084344,C1
0.40290681174962995,0.7050306748724108,C1
0.2745848851609466,0.7125678768024942,C1
0.2975805257629557,0.6983674993557273,C1
0.28758721784659513,0.6324481574434435,C1
0.18116600623351573,0.6718128205048363,C1
0.23657344261001223,0.6706704561747857,C1
0.25614975592471334,0.7501758362058782,C1
0.3197506385043619,0.767114265619088,C1
0.29131946577017515,0.6742856822925669,C1
0.2891762706871709,0.6721805065406627,C1
0.26427307782764914,0.6493602262180337,C1
0.32680190526597863,0.6969055668444142,C1
0.3340761956672247,0.7246662151839676,C1
0.3501365282634006,0.684208835769661,C1
0.19894176198796515,0.6639621627770272,C1
0.1423049148651837,0.7759168971688107,C1
0.22482091115246566,0.7635824381339565,C1
0.27637723521205676,0.7627665848721491,C1
0.30806571020537227,0.7264316237727616,C1
0.3446855774995279,0.709028520206746,C1
0.2902255269542023,0.7096205350084401,C1
0.3096536699364439,0.7567602093032214,C1
0.3418451050585728,0.6914459425679695,C1
0.2923387436378414,0.6725799653004418,C1
0.28559048573439144,0.6430170358193268,C1
0.2692679688923925,0.7278302508101339,C1
0.27971093733434454,0.7127029174531903,C1
0.32017876687525615,0.6619258518178199,C1
0.3054830513872505,0.6454741490532613,C1
0.31079502382673607,0.6749886359221731,C1
0.3430670928406748,0.663950284339533,C1
0.3368275839332995,0.6020547195442719,C1
0.2834571608389536,0.6742081245457324,C1
0.2719691432308514,0.6840517618059079,C1
0.29588752732129675,0.6666193937528953,C1
0.2704450160077576,0.6731333965481402,C1
0.3551200252988002,0.6621101394150999,C1
0.27647574644975026,0.6933741444909157,C1
0.3160903060218546,0.7306844083720835,C1
0.2564856716678832,0.6433592691175004,C1
0.28221717887787556,0.7376290298704177,C1
0.27339089251260174,0.7059284995574427,C1
0.2559537947263475,0.7619217040375131,C1
0.29363779585902294,0.7563261867290089,C1
0.29954819658095816,0.6771004444504339,C1
0.3160315618269281,0.6399673924651995,C1
0.30444721771144834,0.6219401587849822,C1
0.2875691628886499,0.6278458571312066,C1
0.2742994390383013,0.7235449599248047,C1
0.2916739113787809,0.7796252654092998,C1
0.29557208505796306,0.7991683962067283,C1
0.34160069642201135,0.7970750362655654,C1
0.3342382445485995,0.6969375876634711,C1
0.3158165471922175,0.6120304841947887,C1
0.309365106122883,0.6336318653721166,C1
0.25597977623826573,0.6834200539089254,C1
0.24583940340828248,0.6929590192755987,C1
0.31111559567009334,0.8123280249618025,C1
0.27483106951953246,0.7752051381494555,C1
0.31889627984211044,0.8469760256496932,C1
0.3160916963258448,0.7132183844700802,C1
0.3217325942434557,0.6401228706857649,C1
0.34786850253357937,0.5995266946751008,C1
0.2853757314870715,0.5777673424157105,C1
0.258543418251064,0.6636035311987848,C1
0.27458913947876673,0.734419591522328,C1
0.35924533187856933,0.7365316740706971,C1
0.311751980544235,0.8128497029870174,C1
0.34795344029788783,0.7675705707885847,C1
0.34274243452685066,0.6904724356924556,C1
0.3796607121104795,0.6983333779058019,C1
0.4235504863262448,0.6782783243553281,C1
0.4610467975872407,0.7396720158961695,C1
0.4606738099962406,0.7193536266195323,C1
0.5316047336863972,0.6623772485448324,C1
0.552893369093514,0.7246445225580753,C1
0.5479867578364497,0.7547429765118288,C1
0.520759534589398,0.687556996816896,C1
0.45483947119139895,0.6865407349283889,C1
0.39254910773495344,0.659379432636868,C1
0.4566977886195414,0.6898852788948256,C1
0.3050998807529318,0.6585072136384806,C1
0.32103532145862623,0.6417465903236561,C1
0.3683989369606243,0.7024645564446983,C1
0.3612907143987295,0.6919392051835602,C1
0.463948372215273,0.6606692066647315,C1
0.3794214183286631,0.6506975598198869,C1
0.3508227555047704,0.6751686946677968,C1
0.36525979817676646,0.6939550220153469,C1
0.380737775110865,0.7258020115997924,C1
0.35415166885770466,0.8137562039409317,C1
0.36494610549287954,0.792569335210144,C1
0.40246268365494897,0.7154981233355527,C1
0.3592338303236988,0.6734900312744061,C1
0.3809478828240633,0.6442653025130997,C1
0.35757044281972605,0.7231402737810718,C1
0.39669168841629665,0.7686777676681111,C1
0.41671139470242374,0.7601589473070354,C1
0.40784870613845403,0.6674994220299691,C1
0.3138735879423065,0.6918980892122567,C1
0.2795022684929576,0.6413916148453589,C1
0.24259686956223714,0.6456629526208214,C1
0.2023991550983099,0.6507641701681373,C1
0.22365451368217698,0.6084914467849484,C1
0.19009662313040823,0.5898644807359135,C1
0.3087758246760865,0.5880140584966145,C1
0.2784345544279798,0.6511750094709317,C1
0.28814347392440465,0.7948108086563586,C1
0.2168531835429675,0.68549453912853,C1
0.23393167429452516,0.6902623604468169,C1
0.20273690870777167,0.7556900252620999,C1
0.20162308499599688,0.6931890857388099,C1
0.22498751905858122,0.6962060882629841,C1
0.21197775397252966,0.7126874290396802,C1
0.19778837370244642,0.7031580811495118,C1
0.1534529754006021,0.6640447915369473,C1
0.22563078113756618,0.6774011915373765,C1
0.2094423830506649,0.7316423558084335,C1
0.19011135568554305,0.7054852422102303,C1
0.16188403046450592,0.7018008337516118,C1
0.1477630078144406,0.670067431524857,C1
0.14635847508369196,0.6866560041252139,C1
0.13626098209860574,0.6782069010502891,C1
0.006410486622373868,0.7207932125943013,C1
0.020944186555048712,0.6406886446531113,C1
0.062014890617747676,0.6273722796422694,C1
0.021144203714755144,0.6479915112736573,C1
0.08186488628623878,0.6354420682598737,C1
0.1916394129718575,0.6769029870837355,C1
0.3839272597217358,0.7438844405143955,C1
0.5318955507800947,0.7807687391803888,C1
0.5572951470003935,0.7754339812017624,C1
0.5664889506127082,0.810789966179615,C1
0.5583851857945861,0.7214919715542766,C1
0.5386588176653306,0.7591346428195801,C1
0.3951205643451754,0.7896521589843072,C1
0.2783176845294007,0.7395348196052542,C1
0.2298443290483485,0.7307462352948476,C1
0.1907604142911504,0.7177286249211658,C1
0.19195186897400351,0.7155428502785812,C1
0.22502813944668149,0.713713364265787,C1
0.1524035405693426,0.8037153991245443,C1
0.15335022206203447,0.8081795133846779,C1
0.14664596136782343,0.7166576839811596,C1
0.1896932323274399,0.6705696020732248,C1
0.24374478725922832,0.600541136985116,C1
0.2524129607821479,0.7254111865506658,C1
0.23595961711214375,0.7574746544755482,C1
0.18568732505516353,0.7655472285354074,C1
0.1622649252519138,0.7415886894848163,C1
0.12318478881606026,0.7030641353526168,C1
0.16510931909065144,0.6629412469233802,C1
0.11283826681839304,0.5859156831825889,C1
0.21321719220011703,0.6661525610113191,C1
0.24187552281030378,0.7268250557376473,C1
0.22724941723767034,0.8353029547785704,C1
0.2412447372105745,0.8500504463411761,C1
0.1954700481143225,0.8864658030361959,C1
0.31855584088902306,0.8728944114810582,C1
0.2905460228632011,0.7352443124004764,C1
0.3175665718240965,0.6674669197841481,C1
0.2207958487610911,0.6228188458768893,C1
0.273559497584281,0.632909257328829,C1
0.3393736409843729,0.5960797737745703,C1
0.3490845131189681,0.6118385610020042,C1
0.27930995014526677,0.7889278020484519,C1
0.27329049876425027,0.7623449758490648,C1
0.24300870498287291,0.7598993450681532,C1
0.27538374099207724,0.7469547924084633,C1
0.26962984382606514,0.6702140668768202,C1
0.261622899252532,0.6663532389753216,C1
0.1966481068983731,0.7461390197487678,C1
0.19134651697651917,0.7386239661480315,C1
0.7014952919769514,0.5845971649501825,C2
0.6938264017199525,0.5553558273808042,C2
0.6093678840868773,0.592926624515185,C2
0.4674262528561246,0.557640477375295,C2
0.41679470274659053,0.4974160768729428,C2
0.3845396596265965,0.45685190483266797,C2
0.2764695753241327,0.46629937455060605,C2
0.2989135233857406,0.3829477830161679,C2
0.43013991445441185,0.3309745411164865,C2
0.5198383391348581,0.2519919824441485,C2
0.6378687220564224,0.28579639675077806,C2
0.7374050452320341,0.35828037609045477,C2
0.7591580384399038,0.4091927464340079,C2
0.7768983555628302,0.43272854887793005,C2
0.8249835433605021,0.4207314928659237,C2
0.7666653954830525,0.5132371494144876,C2
0.6666538850343133,0.5818977599309156,C2
0.530258962519588,0.645386138200761,C2
0.470518401275475,0.6377416996212533,C2
0.4154849411265569,0.6498879195474336,C2
0.3378531519156035,0.6315150777488808,C2
0.34170366285775033,0.5609693482230271,C2
0.27852072097760083,0.5857475835663968,C2
0.28590684061420374,0.5667243898546493,C2
0.38354067512622025,0.583652594045189,C2
0.46981222681348245,0.6040269723291922,C2
0.5649266037897,0.6074549716131452,C2
0.7007866250024906,0.5861384481215909,C2
0.8438041905986844,0.5715501170140173,C2
0.8188289641801638,0.605783471652698,C2
0.8334081173987831,0.5595264800138516,C2
0.8839155442591071,0.5473660819304839,C2
0.902058946879853,0.5458934831626323,C2
0.7928314808237434,0.5133818946673533,C2
0.7672629744178091,0.6321877064817689,C2
0.6911755860079011,0.6140202142730092,C2
0.6204878433252285,0.63562291514452,C2
0.47903705415408404,0.7106462215813851,C2
0.45746912840153975,0.7004305029022225,C2
0.4480959863440205,0.612934058127906,C2
0.46358754488462445,0.6337144940159938,C2
0.4531697950037019,0.5440568825532598,C2
0.5595475333718727,0.5612245894275797,C2
0.6347423300654731,0.6640141701164809,C2
0.6813153037795504,0.6786080901074596,C2
0.8330237794608424,0.6229967127564593,C2
0.8642288026042881,0.6090257397244996,C2
0.8420608369655415,0.48965372170666605,C2
0.6164907993011246,0.45175541390814855,C2
0.4848012543435198,0.457347350801549,C2
0.42968005909000684,0.30259657799994094,C2
0.6212482186423562,0.356271394992548,C2
0.6788046969600944,0.47394463129744546,C2
0.7072657007225817,0.6014046423590985,C2
0.7834004429353606,0.5528747959931541,C2
0.7303322833701374,0.46722507951630127,C2
0.553230061772109,0.4788663358923873,C2
0.44431652791197795,0.45517082023019184,C2
0.4276751221952499,0.3994227321836632,C2
0.6482618822439407,0.4225957718775962,C2
0.6506275799019132,0.5397867907402651,C2
0.48749924774207837,0.4790685677380661,C2
0.4448476275894069,0.46669319743135046,C2
0.42462240953137875,0.4631029171377656,C2
0.3680416446887834,0.44821602386243853,C2
0.4040071619907499,0.44357881534280075,C2
0.304021847048562,0.517398033464298,C2
0.6542811666344808,0.4296743878911911,C2
0.7549835453532816,0.518909303606181,C2
0.794514755548016,0.5061333710358331,C2
0.6475383679911745,0.4286400455383317,C2
0.5606510406069388,0.4470497670160933,C2
0.4787757325891375,0.5092358164988724,C2
0.5297205162667217,0.43082369383035773,C2
0.5718229832310011,0.492008339970186,C2
0.47708593323485965,0.4400815403573462,C2
0.5654592783812945,0.3933584965971052,C2
0.5743456606338355,0.47515047377575503,C2
0.49074357121787,0.40256348607574977,C2
0.5894535387324896,0.43769459724162196,C2
0.5864688475324681,0.5110207070250147,C2
0.5499922001540155,0.44442313717702675,C2
0.5086740839106442,0.4992254545934258,C2
0.542159015476507,0.5346226995345593,C2
0.4988041081742046,0.5478840288520455,C2
0.4554490471929336,0.5205412191794951,C2
0.5753309170982656,0.4644226773528727,C2
0.5949029129128542,0.5416698461287963,C2
0.5569080105827248,0.5327128439840886,C2
0.6113559031957935,0.42836875969508675,C2
0.642586095690697,0.45218718955728676,C2
0.6436294280593916,0.5793178761719439,C2
0.7058367429540028,0.4600688564625422,C2
0.7453879602358314,0.5279575442436988,C2
0.7669256795602512,0.4923982935034081,C2
0.7405771773887577,0.5512384349616536,C2
0.6976064138160243,0.44265946398416123,C2
0.6550597069662202,0.4648448676743438,C2
0.7196491017723542,0.4788636263558691,C2
0.6652879777036836,0.4769296960702714,C2
0.686873686948923,0.5184549298850651,C2
0.5972683449426803,0.46379459127932426,C2
0.6600979677940848,0.5301899125770476,C2
0.6259240651747529,0.5294832583517002,C2
0.585154939369173,0.537277706942443,C2
0.5541702969908762,0.4675020336060184,C2
0.6067302606207113,0.4654867027058005,C2
0.5738474806409573,0.4972220604842774,C2
0.4709179803195378,0.46348962872117566,C2
0.6196612641634685,0.5649356981853295,C2
0.5591095224694623,0.5361876785720108,C2
0.653135307193503,0.5612322030043281,C2
0.5275309148363728,0.5775461044583127,C2
0.5478811951489584,0.4079702166401065,C2
0.6071920514561837,0.4731966286255771,C2
0.5430576756854378,0.5817314557835895,C2
0.5928998251377569,0.5203871264727773,C2
0.49902589733956054,0.40485440494933134,C2
0.5541130853562016,0.34705975741115197,C2
0.6240013081593462,0.5201126963195902,C2
0.5903135382618202,0.5688334755613048,C2
0.526307397971442,0.5386225305188741,C2
0.5741333105106583,0.47549462146966176,C2
0.598073883385247,0.5726327066999207,C2
0.6515016136298183,0.5314266208086779,C2
0.6048490011820354,0.4367380257964773,C2
0.5777894030986958,0.5001501187147337,C2
0.5119912515577435,0.49507723605415555,C2
0.533361047605662,0.4703548969407597,C2
0.5865661641722644,0.5686544833865536,C2
0.5121240245785589,0.5338544797648265,C2
0.5851544664435899,0.6452473787934166,C2
0.5172378395604278,0.5580451942712461,C2
0.5654613716897786,0.5581094591771729,C2
0.4928337996401163,0.5368964421616711,C2
0.5620075591479758,0.48104983262991413,C2
0.580135556154836,0.5847888902353787,C2
0.4937757175487754,0.4191746264322992,C2
0.5478067023006681,0.4319967668580901,C2
0.5126894348460717,0.5339149413349393,C2
0.5303746521042142,0.443137392842331,C2
0.5330852679628658,0.5454634048416032,C2
0.5654599812396826,0.41209005732928583,C2
0.603016124393484,0.5650171241325632,C2
0.5314813163866864,0.5781838071979604,C2
0.6371005184440618,0.6920301245797237,C2
0.597391114539762,0.5943902850090275,C2
0.5958428691714692,0.5116047257842558,C2
0.6537521182674046,0.5070899792942496,C2
0.6404181161110777,0.5430718765947222,C2
0.7126259225642844,0.36398378131611925,C2
0.6682017659478472,0.4040877861242735,C2
0.6710562284490573,0.5144218105685198,C2
0.5938420937547951,0.464865515594349,C2
0.6166229464731537,0.3849736153587359,C2
0.5462517410041126,0.5015546225435654,C2
0.5312768491020411,0.42824798477901915,C2
0.5776894154287714,0.49369235546586604,C2
0.5788823711204226,0.5387134657288458,C2
0.5390969407561192,0.48287432079689896,C2
0.5225758408848571,0.47849139779003735,C2
0.5114989320583305,0.44179704499199646,C2
0.5908432212992903,0.47700972325249374,C2
0.5153768922216171,0.5226180311302946,C2
0.5943123537664191,0.4208110831280919,C2
0.5948157394521633,0.4231443605362375,C2
0.5045722981632159,0.49660919663816033,C2
0.4704348012862145,0.44515987221686276,C2
0.3644452781352227,0.4413863645363681,C2
0.3920643121650683,0.46135335278258494,C2
0.5830891880802889,0.44861148773613013,C2
0.6731551755181623,0.5358748866136083,C2
0.5773109595135149,0.5298692135301436,C2
0.479599840943293,0.5376144467010078,C2
0.48634746256679423,0.5256185061446664,C2
0.6412266681469606,0.5028028581107877,C2
0.557264002091107,0.49152798935272574,C2
0.6176516240428571,0.4667715126367712,C2
0.6093222059555538,0.47173584623058123,C2
0.6484480689904595,0.5529987965145025,C2
0.6186563399044129,0.4873961811460717,C2
0.6456347181842355,0.5208269712891382,C2
0.6872456787270806,0.5487924278939145,C2
0.6270664685405486,0.5009021650781889,C2
0.6606490708074491,0.5887777256244873,C2
0.6998528864229144,0.5369281646759894,C2
0.5458052769967627,0.545960197878077,C2
0.5588469754699389,0.49156116210635986,C2
0.572403316620716,0.5826858726535641,C2
0.4847622940429134,0.4995635411041448,C2
0.5564293063758013,0.48307500430784084,C2
0.6403538555012369,0.41405592537005326,C2
0.5338444514259376,0.4618340110498368,C2
0.546604554935219,0.4479818388131249,C2
0.4939086281264462,0.5080292718667354,C2
0.4439272617915004,0.6014034884432335,C2
0.4332263416718415,0.5651378631208578,C2
0.46176285122975314,0.4824121407336108,C2
0.4997030869780884,0.3931797031449159,C2
0.4315779192360202,0.500572997744435,C2
0.612531946109882,0.6431115977690984,C2
0.6472064166270188,0.5514464076811383,C2
0.7521525303434338,0.4853532889585191,C2
0.7951361261619863,0.5614498474295332,C2
0.6800074197669682,0.43251271504096106,C2
0.6576953607434862,0.5895252225520887,C2
0.6607798313721097,0.6494736144582193,C2
0.6100683842872846,0.5686829117435573,C2
0.667487604891086,0.4485199417982139,C2
0.6390349285872247,0.3918974096505978,C2
0.5989480510178932,0.507023847333935,C2
0.5868992743978845,0.6575092863345309,C2
0.543931979287128,0.6366991899079654,C2
0.5269468664660885,0.4219590518258182,C2
0.49737213008645004,0.38790358955952936,C2
0.5039667541650458,0.5868348532397109,C2
0.5761949342299567,0.6283804356707023,C2
0.6047286709249111,0.4149413743146,C2
0.6886217934530462,0.47412434646396656,C2
0.5592848349135318,0.5786343803544625,C2
0.5523291678469492,0.47762966949050806,C2
0.5295179539684002,0.45822422952121006,C2
0.5716290048879517,0.5745452309921375,C2
0.6608698686446872,0.5311705574598243,C2
0.721264983945225,0.5269989626702906,C2
0.5913989883680982,0.4794950193785663,C2
0.7099433303940931,0.49607492444233336,C2
0.6670676243644573,0.4678961667347457,C2
0.4195838718025352,0.5214609748949692,C2
0.3666150335529113,0.4892022809998256,C2
0.4205678312027693,0.47013005886857073,C2
0.4743563913826054,0.41904044435999477,C2
0.5056956505177113,0.48656808555536485,C2
0.46079901291483244,0.5316882564335652,C2
0.42963265410120677,0.44150043313936443,C2
0.46203641220206604,0.5326178545483836,C2
0.4152005957830949,0.46144792032956994,C2
0.46822980171421485,0.43720497278683806,C2
0.4948510323686473,0.5468380525887516,C2
0.4129635616431461,0.5243500601092334,C2
0.4882476364071555,0.5046707038340337,C2
0.44556884022821514,0.5562621837508176,C2
0.4405761400711916,0.47283589912010937,C2
0.36877671366215253,0.35115076696017433,C2
0.5276673096167186,0.5609425293768668,C2
0.4141580413579562,0.6496151971962351,C2
0.38269035895632425,0.538898783109042,C2
0.3699598754869843,0.4894245104947873,C2
0.4472764261147264,0.5383824447846137,C2
0.5131672132794217,0.5641602603789176,C2
0.4475354882725912,0.5736310455050473,C2
0.416719194312758,0.5075155971585507,C2
0.4745477652515407,0.5777635588405434,C2
0.41578772669188263,0.623205021572276,C2
0.5219080840614092,0.6131002424194583,C2
0.4783546988826899,0.5948945024072071,C2
0.5147788882080363,0.6110585401158473,C2
0.5183240496483906,0.6043529831125212,C2
0.4862283651262326,0.5970248491775285,C2
0.5310975462995645,0.6737019239391051,C2
0.5217490913817261,0.6615011545171863,C2
0.5114345237597393,0.6237535562475474,C2
0.46585793000753106,0.5650939859013975,C2
0.4781382621470969,0.4863607526954722,C2
0.5201553744280263,0.5898140897323568,C2
0.5743091169294989,0.6333624013975642,C2
0.5167942053609882,0.654002742348813,C2
0.4841685160973813,0.6714651376410483,C2
0.49811281210546027,0.4648537080082581,C2
0.4736755042021014,0.33907963785295825,C2
0.49474129373888504,0.39674820713359915,C2
0.4631404779657644,0.4653934490649455,C2
0.5001242030437739,0.49920442274226184,C2
0.3976603187250734,0.49978734444351425,C2
0.38551421440794464,0.4496760800823802,C2
0.3771418392304873,0.48294889948230263,C2
0.40393364295875456,0.5129548468640984,C2
0.41285251183108074,0.5481924150070658,C2
0.36075460327825637,0.5067692802547689,C2
0.40100037136534256,0.6849610207170229,C2
0.5077215895450298,0.6082304203156581,C2
0.5588620464621503,0.5854913457815765,C2
0.5770009997062417,0.5804442233173874,C2
0.3600734812177503,0.6464530805046705,C1
0.4052800101593163,0.7059210345277349,C1
0.43464089654852583,0.7459969447208947,C1
0.37731070057411376,0.850937056820424,C1
0.32494967035148703,0.8360979442407639,C1
0.29336330397769783,0.7179228365568466,C1
0.3781212065190464,0.7941921754242526,C1
0.4748933859484094,0.7746518295141296,C1
0.48889366213822155,0.6957155083444452,C1
0.4947276634477777,0.6571465517175609,C1
0.469736876918976,0.7850310161846108,C1
0.4395081275221498,0.747678881635579,C1
0.4652081319228446,0.7500447209179494,C1
0.5442388000975087,0.7367250200018641,C1
0.634835007190102,0.7429522460117253,C1
0.5907736526763273,0.7220367878465286,C1
0.4161703004079482,0.7878124747495898,C1
0.4231793117049516,0.8116419451690208,C1
0.39102734343717127,0.8160446325501738,C1
0.40294486851635886,0.783480417327656,C1
0.4907577724896897,0.7534354493601403,C1
0.4555731327880512,0.7376705858373038,C1
0.48413630536130187,0.7735996954616425,C1
0.4346534561883585,0.7717520579440849,C1
0.4544617796431751,0.7035193989862029,C1
0.3989597157033634,0.7147830020720566,C1
0.3470410313592394,0.72483751898006,C1
0.30990173728520776,0.7464957845583473,C1
0.2338398220815354,0.8038212810362301,C1
0.31122503781741806,0.7069904925053176,C1
0.3724994917864527,0.7087207826493156,C1
0.28634388916208875,0.7783968663013334,C1
0.347248376923841,0.7326348861490243,C1
0.2086449042322812,0.7571587287496777,C1
0.14544329551958995,0.6493779665873691,C1
0.13200083969163326,0.6581532237368061,C1
0.1524410671802073,0.6484914083147069,C1
0.31287104384374254,0.7291589353977614,C1
0.4258665327335314,0.708465026913903,C1
0.4502511607100478,0.7283903182346427,C1
0.5255186511456603,0.6928669252307214,C1
0.48670084720454176,0.8367220023760856,C1
0.48165246942974527,0.7765279072729993,C1
0.43083574891400067,0.9068418725406454,C1
0.3506724475761115,0.7554323533650192,C1
0.4074517516182228,0.6957277109319513,C1
0.37935906803083924,0.6774640042370871,C1
0.3001279294221985,0.7301176338373547,C1
0.3604907007812392,0.7997398477042428,C1
0.43770106664013714,0.7108234817570677,C1
0.4033669167255409,0.7045917332843281,C1
0.25979213254693634,0.759645318648657,C1
0.3215934696279211,0.7140380283921436,C1
0.43389115426135433,0.6989360274594429,C1
0.3945167261832109,0.6580195840650582,C1
0.4673279748007788,0.65433741569859,C1
0.4649330881052907,0.626077991183728,C1
0.44277401365476343,0.6137920219467564,C1
0.40453541795326414,0.6444480193328397,C1
0.39460883014210335,0.5994891539696755,C1
0.37133527492457435,0.6147420007634304,C1
0.29705020367929397,0.6468967951172062,C1
0.30192003061841344,0.6148740264013187,C1
0.37107156575774897,0.6060456199311838,C1
0.41517944189981054,0.6721276554580209,C1
0.43130970075866565,0.5998572489140874,C1
0.39928579312584606,0.6834895810937637,C1
0.2977212747234658,0.7846930336455455,C1
0.31483711336388803,0.7690178157793028,C1
0.37439500251044694,0.7891278594922473,C1
0.32425726727087967,0.6918488371779895,C1
0.3908443356159015,0.6928141366331912,C1
0.27696047671689356,0.7697714023215516,C1
0.16896931659607717,0.6660520824255927,C1
0.15858204824375607,0.6696508650852386,C1
0.14180314139081238,0.7682213372312133,C1
0.1750741804682795,0.823812648024147,C1
0.19073434378005866,0.8587242234371179,C1
0.1008698215179207,0.7296726095729097,C1
0.16189634960856825,0.7252830101742997,C1
0.22125681722744142,0.794150794834975,C1
0.3382206324314998,0.766093918935733,C1
0.29172600886712025,0.7937853884209284,C1
0.23087564930344906,0.7073867436440668,C1
0.30185245497302093,0.6394564188398926,C1
0.281836974583359,0.6135708469431492,C1
0.25841702224090946,0.6802409144810997,C1
0.2771335482755295,0.8432716135318511,C1
0.17896964015822364,0.8029134423432337,C1
0.22239964791437916,0.6253735581655815,C1
0.26678104274845316,0.5234923968690326,C1
0.34983689789494155,0.6672525518277036,C1
0.3772640717726038,0.6316643624022908,C1
0.3702997486088772,0.6422787182286639,C1
0.3859644193007103,0.7235425768069011,C1
0.40368871981047194,0.7466121114598878,C1
0.43119983859471717,0.7398148725897563,C1
0.41867045142348536,0.6318094214171089,C1
0.42371732974725324,0.6290004392794736,C1
0.43748860846656956,0.6225907803464305,C1
0.5099043161829628,0.6611588876974658,C1
0.46247840738973833,0.7613358847666499,C1
0.5079176650616207,0.7682618973622171,C1
0.5722927625622969,0.5692162639352547,C2
0.5519113081326227,0.6836857096925527,C2
0.5868485446363878,0.5480773624866692,C2
0.5915321384084428,0.4967475554996291,C2
0.6502498387528173,0.481195003787825,C2
0.6256298847693693,0.5924093167984315,C2
0.6418881215367209,0.6047612618798551,C2
0.6178762410392113,0.49778336317816485,C2
0.6930055217896494,0.39919723823594944,C2
0.6008725913406361,0.6315323107955755,C2
0.6333224659525231,0.6003503927035112,C2
0.6915074701655385,0.5514815369263887,C2
0.6814002870857346,0.48040568178517257,C2
0.6673484680832854,0.5636681546126654,C2
0.5959711050596251,0.6642961877674441,C2
0.5838058260650926,0.45167667825835756,C2
0.5890413659510643,0.41643720916729804,C2
0.5318473069208962,0.6357201249316663,C2
0.47446412533023624,0.5109426287122256,C2
0.5481316410895363,0.440011052940617,C2
0.48478797699369186,0.4171677464302176,C2
0.572335191576617,0.5897848648167933,C2
0.5625421215887122,0.6738859941986571,C2
0.6486994912164076,0.45992129136885396,C2
0.5847829451784261,0.417690270022156,C2
0.5900976174040512,0.6586352527595456,C2
0.5403192625691091,0.4857007266695511,C2
0.49833726072595336,0.4580367080592535,C2
0.49328943911311773,0.4587554841627337,C2
0.5360043780762986,0.5589406067710362,C2
0.5875443058632689,0.606755450030616,C2
0.5163448790152907,0.4804468442905409,C2
0.5501518602093358,0.44874741083800535,C2
0.5979240520287691,0.39611314727383024,C2
0.5199768206013291,0.4955513786726958,C2
0.480576490717448,0.5830000925279968,C2
0.4124641759816857,0.612359495884615,C2
0.43035672662664837,0.46032437578716306,C2
0.353387646155722,0.47163179575170533,C2
0.49208624664376577,0.5649430847703293,C2
0.6854427021726954,0.5701020291395179,C2
0.726338216619602,0.4158539148398658,C2
0.5363052145083995,0.5583835004103527,C2
0.43658978455250924,0.45205421900717935,C2
0.350914108757819,0.4867050737172314,C2
0.35536505952398045,0.5168425502650351,C2
0.5159724925713469,0.44693814631671214,C2
0.6174816449676518,0.5531250217910744,C2
0.5154255428580381,0.6094770732467112,C2
0.42115101454480164,0.6235669362084457,C3
0.4422140420183157,0.6159299191374665,C3
0.4422140420183157,0.5563611859838276,C3
